{
    "summary": {
        "Total Frames": 135,
        "Average FPS": 11.345001641649157,
        "Peak Memory (MB)": 1273.3125,
        "Total Processing Time": "0:00:11",
        "Average CPU Load (%)": 1.8548148148148147,
        "Average GPU Util (%)": 16.377777777777776
    },
    "frame_metrics": [
        [
            0.05702972412109375,
            640.94140625,
            0.0,
            2.0,
            21
        ],
        [
            0.07002806663513184,
            751.50390625,
            14.27998869667948,
            0.0,
            21
        ],
        [
            0.35155773162841797,
            1247.390625,
            5.688966050429286,
            0.0,
            4
        ],
        [
            0.4245600700378418,
            1257.984375,
            7.066137895946278,
            0.0,
            4
        ],
        [
            0.4980740547180176,
            1261.265625,
            8.030934279972849,
            0.0,
            8
        ],
        [
            0.6090915203094482,
            1261.8671875,
            8.208946986258741,
            0.0,
            8
        ],
        [
            0.6876015663146973,
            1264.4375,
            8.725983613094268,
            0.0,
            9
        ],
        [
            0.7591063976287842,
            1264.4609375,
            9.221368732849381,
            0.0,
            9
        ],
        [
            0.8331120014190674,
            1265.66015625,
            9.60255042103983,
            0.0,
            9
        ],
        [
            0.9086143970489502,
            1264.6015625,
            9.905191937559778,
            0.0,
            9
        ],
        [
            1.0231316089630127,
            1265.171875,
            9.77391365137807,
            0.0,
            9
        ],
        [
            1.0981521606445312,
            1265.18359375,
            10.016826806172144,
            0.0,
            7
        ],
        [
            1.1726610660552979,
            1266.390625,
            10.233135854306711,
            0.0,
            7
        ],
        [
            1.2491724491119385,
            1265.2421875,
            10.406889784706634,
            0.0,
            6
        ],
        [
            1.3251698017120361,
            1265.2421875,
            10.564683847996596,
            0.0,
            6
        ],
        [
            1.4366862773895264,
            1265.28515625,
            10.440692749745722,
            0.0,
            14
        ],
        [
            1.518195629119873,
            1265.30859375,
            10.538826283721752,
            0.0,
            14
        ],
        [
            1.5947003364562988,
            1265.30859375,
            10.6603100352866,
            0.0,
            14
        ],
        [
            1.6687216758728027,
            1266.484375,
            10.786699939392433,
            0.0,
            11
        ],
        [
            1.7442266941070557,
            1267.66015625,
            10.893079474240539,
            0.0,
            11
        ],
        [
            1.8737375736236572,
            1265.3515625,
            10.67385330877558,
            0.0,
            12
        ],
        [
            1.9482636451721191,
            1265.35546875,
            10.77882865188133,
            0.0,
            12
        ],
        [
            2.024251937866211,
            1266.54296875,
            10.868212394150143,
            0.0,
            12
        ],
        [
            2.100271224975586,
            1267.734375,
            10.950966583026608,
            0.0,
            10
        ],
        [
            2.184779405593872,
            1265.40625,
            10.985090732066958,
            0.0,
            10
        ],
        [
            2.2942891120910645,
            1265.42578125,
            10.896621471220975,
            0.0,
            10
        ],
        [
            2.3707962036132812,
            1265.4296875,
            10.966779835556485,
            0.0,
            10
        ],
        [
            2.4473040103912354,
            1266.61328125,
            11.032548422818822,
            0.0,
            10
        ],
        [
            2.5213046073913574,
            1267.7890625,
            11.105361850335854,
            0.0,
            10
        ],
        [
            2.5958149433135986,
            1268.96484375,
            11.17182874484151,
            0.0,
            10
        ],
        [
            2.709831714630127,
            1265.4453125,
            11.070798174673659,
            0.0,
            11
        ],
        [
            2.7873425483703613,
            1265.4453125,
            11.12170444143091,
            0.0,
            11
        ],
        [
            2.858851909637451,
            1266.62109375,
            11.193304519246022,
            0.0,
            10
        ],
        [
            2.932854652404785,
            1267.80078125,
            11.251836149787291,
            0.0,
            10
        ],
        [
            3.0123605728149414,
            1265.4609375,
            11.286829440948445,
            0.0,
            10
        ],
        [
            3.1203773021698,
            1265.47265625,
            11.216592293394212,
            0.0,
            12
        ],
        [
            3.2008860111236572,
            1267.08984375,
            11.246885979348685,
            0.0,
            12
        ],
        [
            3.2743968963623047,
            1268.26953125,
            11.299790822885642,
            0.0,
            9
        ],
        [
            3.348907470703125,
            1265.921875,
            11.346984153020403,
            0.0,
            9
        ],
        [
            3.423907518386841,
            1265.921875,
            11.390494571060927,
            0.0,
            9
        ],
        [
            3.533425807952881,
            1265.9296875,
            11.320458437239504,
            0.0,
            9
        ],
        [
            3.6194422245025635,
            1265.94140625,
            11.327712243185431,
            0.0,
            9
        ],
        [
            3.6959519386291504,
            1268.0390625,
            11.363784133940346,
            0.0,
            11
        ],
        [
            3.7694590091705322,
            1269.21484375,
            11.407472503451398,
            0.0,
            11
        ],
        [
            3.84346604347229,
            1270.390625,
            11.448000191059116,
            0.0,
            8
        ],
        [
            3.970485210418701,
            1266.8828125,
            11.333627407027818,
            0.0,
            8
        ],
        [
            4.045518636703491,
            1266.8828125,
            11.370606374831413,
            0.0,
            11
        ],
        [
            4.118508577346802,
            1268.0625,
            11.411898049336594,
            0.0,
            11
        ],
        [
            4.191016912460327,
            1269.23828125,
            11.453067597339212,
            0.0,
            11
        ],
        [
            4.274527311325073,
            1266.89453125,
            11.463255801449154,
            0.0,
            11
        ],
        [
            4.381035804748535,
            1266.90234375,
            11.412826150794247,
            0.0,
            11
        ],
        [
            4.457553148269653,
            1266.90234375,
            11.441254496269401,
            0.0,
            10
        ],
        [
            4.53255820274353,
            1268.0859375,
            11.4725498656641,
            0.0,
            10
        ],
        [
            4.606064796447754,
            1269.26171875,
            11.506568479209012,
            0.0,
            10
        ],
        [
            4.678079128265381,
